{"cameraMode":{"drawMode":0,"name":"Shaded","section":"Shading Mode"},"sceneLighting":true,"audioPlay":false,"sceneViewState":{"showFog":true,"showMaterialUpdate":false,"showSkybox":false,"showFlares":true,"showImageEffects":true,"showParticleSystems":true},"in2DMode":false,"pivot":{"x":130.4659423828125,"y":17.799999237060548,"z":63.86320495605469},"rotation":{"x":0.5234501361846924,"y":0.26654842495918276,"z":-0.17666415870189668,"w":0.7897751331329346},"size":278.3759765625,"orthographic":false}