{"cameraMode":{"drawMode":0,"name":"Shaded","section":"Shading Mode"},"sceneLighting":true,"audioPlay":false,"sceneViewState":{"showFog":true,"showMaterialUpdate":false,"showSkybox":false,"showFlares":true,"showImageEffects":true,"showParticleSystems":true},"in2DMode":false,"pivot":{"x":-40.68902587890625,"y":-94.18246459960938,"z":-23.855667114257814},"rotation":{"x":0.1805305778980255,"y":0.6473463177680969,"z":-0.16171938180923463,"w":0.7226374745368958},"size":744.6982421875,"orthographic":false}